Marek Aureliusz@Zawsze masz możność żyć szczęśliwie, jeśli pójdziesz dobrą drogą i zechcesz dobrze myśleć i czynić. A szczęśliwy to ten, kto los szczęśliwy sam sobie przygotował. A szczęśliwy los – to dobre drgnienie duszy, dobre skłonności, dobre czyny.
Marek Aureliusz@Budząc się rano, pomyśl jaki to wspaniały skarb żyć, oddychać i móc się radować.
Marek Aureliusz@Człowiek tyle jest wart, ile warte są sprawy, którymi się zajmuje.
Marek Aureliusz@Jak wielki spokój zyskuje ten, kto nie baczy na to, co bliźni mówi, czyni lub myśli, ale na to tylko, co sam robi, by było sprawiedliwie i zbożnie. Wszystko bowiem, cokolwiek czynię sam, czy z pomocą obcą, powinno jeden tylko cel mieć na oku: pożytek i korzyść społeczną.
Marek Aureliusz@Jako cesarz jestem pierwszy w Rzymie, jako człowiek jestem równy wszystkim ludziom na świecie.
Marek Aureliusz@Każdą pracę wykonuj, jakby miała ona być ostatnią w życiu.
Marek Aureliusz@Kiedy wady innych sprawiają ci przykrość, spójrz na siebie i zastanów się nad twoimi własnymi. Zajmując się nimi, zapomnisz o złości i nauczysz się żyć mądrze.
Marek Aureliusz@Możesz zacząć życie nowe. Jeszcze raz przyjrzyj się sprawom tak, jak zwykłeś to czynić. Na tym bowiem polega odrodzenie życia.
Marek Aureliusz@Najtrudniej dotrzeć do siebie samego.
Marek Aureliusz@Nasze życie jest tym, co zeń uczynią nasze myśli.
Marek Aureliusz@Nie godzi się, aby twoja dusza czuła się zmęczona tym życiem, zanim nie zmęczy się nim ciało.
Marek Aureliusz@Niezdobytą warownię przedstawia dusza wolna od namiętności.
Marek Aureliusz@O własnych stój siłach – nie zaś podtrzymywany.
Marek Aureliusz@Polub twoją pracę, nawet gdyby była mało znacząca i odpoczywaj przy niej.
Marek Aureliusz@Snem. Przerażającym snem jest życie.
Marek Aureliusz@Skromnie przyjmować, spokojnie tracić.
Marek Aureliusz@Skutki gniewu są dużo poważniejsze od jego przyczyn.
Marek Aureliusz@Straszną jest rzeczą, kiedy dusza zmęczy się życiem szybciej niż ciało.
Marek Aureliusz@Usuń poczucie krzywdy, a usunie się krzywda.
Marek Aureliusz@Trzeba ludzi znosić, jeśli nie umie się ich poprawić.
Marek Aureliusz@Zajrzyj w siebie! W twoim wnętrzu jest źródło, które nigdy nie wyschnie, jeśli potrafisz je odszukać.
Marek Aureliusz@Zastanów się, o ile częściej cierpisz z powodu swego gniewu i żalu, niż z powodu rzeczy, które wprawiają cię w gniew i wzbudzają żal.
Marek Aureliusz@Zawsze wybieraj drogę najkrótszą, albowiem krótka droga jest naturalna.
Marek Aureliusz@Życie jest krótkie. Korzystaj z teraźniejszości w sposób rozumny i słuszny. Bądź rozsądny w odpoczynku.
Marek Aureliusz@Życie – to wojna i przystanek chwilowy w podróży.
Cyceron@Gdy z naturą niezwykłą i wybitną połączy się jakieś wykształcenie naukowe, wówczas zwykle powstaje coś wspaniałego i osobliwego.
Cyceron@Argumentów (dowodów) nie należy liczyć, lecz ważyć.
Cyceron@Byłoby niedorzecznością ganić innych w takiej dziedzinie, w której się samemu popełnia błędy.
Cyceron@Czyż każdy zacny i poważny człowiek nie wyzna, że wiele nie wie i że ciągle powinien się uczyć?
Cyceron@Człowieka tworzą maniery i charakter.
Cyceron@Doświadczenie jest najlepszym nauczycielem.
Cyceron@Gniew jest zaczynem niedorzeczności.
Cyceron@Historia jest nauczycielką życia.
Cyceron@Każdy człowiek może zbłądzić, uparcie trwa w błędzie tylko głupiec.
Cyceron@Kto cierpi, ma pamięć.
Cyceron@Nie być chciwym to już bogactwo.
Cyceron@Nic nie kwitnie wiecznie.
Cyceron@Nie ma powiedzenia, tak w życiu publicznym, jak prywatnym, które byłoby wolne od obowiązków.
Cyceron@Nie wystarczy zdobywać mądrości, trzeba jeszcze z niej korzystać.
Cyceron@Nigdy nie wątpi ten tylko, kto nic nie wie.
Cyceron@Nigdy się nie jest mniej samotnym, niż gdy się jest samotnym.
Cyceron@Nie tylko fortuna jest ślepa; czyni ślepymi także tych, których głaszcze.
Cyceron@Nie można powiedzieć niczego tak niedorzecznego, czego by jakiś filozof nie powiedział.
Cyceron@Praca tworzy zaporę przeciwko smutkowi.
Cyceron@Praca uodparnia na ból.
Cyceron@Pokój bez książek jest jak ciało bez duszy.
Cyceron@Rzeczą ludzką jest błądzić, a rzeczą głupca jest trwać w błędzie.
Cyceron@Strach nie jest długotrwałym nauczycielem obowiązku.
Cyceron@Szczęście może przyjść przypadkowo, ale o rozum musimy postarać się sami.
Cyceron@Ten jest bogaczem, który tyle posiada, że niczego więcej nie pożąda.
Cyceron@Właściwością człowieka mądrego jest błądzić, głupiego – w błędzie trwać. Żyć – to myśleć.
Cyceron@Przyzwyczajenie do trudu sprawia, że łatwiej znosimy cierpienia.
Henry Ford@Ale czyż jest co bardziej godnego politowania, niż biedny, ciasny umysł, trawiący najpiękniejsze swe dni i lata na ściskaniu w garści kilku marnych kawałków metalu? Cóż może być pięknego w obcinaniu aż do krwi potrzeb życiowych?
Henry Ford@Ambicją pracodawcy, jako przywódcy, powinno być płacenie lepszych zarobków, niż w którymkolwiek podobnym przedsiębiorstwie, a ambicją robotnika powinno być umożliwienie tego.
Henry Ford@Bardziej niż cokolwiek innego – przygotowywanie się jest sekretem do sukcesu.
Henry Ford@Chciwość pieniędzy jest największą przeszkodą w otrzymywaniu ich.
Henry Ford@Interes, który nic poza pieniędzmi nie przynosi, jest złym interesem.
Henry Ford@Jeden pomysł na raz – to właśnie tyle, ile możesz zdzierżyć.
Henry Ford@Jednym z największych odkryć jakie uczynił człowiek, i jedną z największych dla niego niespodzianek, jest odkrycie, że może on uczynić to, o czym ze strachem sądził, że nie potrafi uczynić.
Henry Ford@Jeśli sądzisz, że potrafisz to masz rację. Jeśli sądzisz, że nie potrafisz – również masz rację.
Henry Ford@Każda porażka jest szansą żeby spróbować jeszcze raz, tylko mądrzej.
Henry Ford@Każdy, kto przestaje się uczyć jest stary, bez względu na to, czy ma 20 czy 80 lat. Kto kontynuuje naukę pozostaje młody. Najwspanialszą rzeczą w życiu jest utrzymywanie swojego umysłu młodym.
Henry Ford@Myślenie to najcięższa praca z możliwych i pewnie dlatego tak niewielu ją podejmuje.
Henry Ford@Nic nie jest szczególnie trudne do zrobienia, jeśli tylko rozłożyć to na etapy.
Henry Ford@Nie bój się przyszłości, a nie czcij przeszłości. Kto boi się przyszłości, kto boi się niepowodzenia, sam ogranicza swoją działalność. Niepowodzenie jest tylko sposobnością do inteligentniejszego rozpoczynania na nowo. Nie ma wstydu w uczciwym niepowodzeniu; wstydem jest bać się niepowodzenia. Co minęło, jest użyteczne tylko o tyle, o ile podaje drogi i sposoby postępu.
Henry Ford@Nie oglądaj się na konkurencję.
Henry Ford@Nie sądzę, by ktokolwiek był na tyle mądry, aby ocenić, co jest możliwe, a co nie.
Henry Ford@Nie uznaję niemożliwości.
Henry Ford@Patrząc zawsze przed siebie, myśląc o tym, jak zrobić jeszcze więcej, osiągniesz stan umysłu, w którym nie ma rzeczy niemożliwych.
Henry Ford@Więcej ludzi marnuje czas i energię roztrząsając problemy niż rzeczywiście próbując je rozwiązać.
Henry Ford@Wola jest jednym z aktywów naprawdę ważnym w życiu. Zdecydowany człowiek uzyskać może prawie wszystko.
Henry Ford@Wstań i walcz – jałmużna dla niedołęgów.
Henry Ford@Wszystko można robić lepiej, niż robi się dzisiaj.
Henry Ford@Wykształcenie, składające się z drogowskazów niepowodzeń i złudzeń przeszłości byłoby na pewno bardzo użyteczne.
Henry Ford@Życie jest ciągiem doświadczeń, z których każde czyni nas silniejszymi, mimo że czasem trudno nam to sobie uświadomić.
Thomas Alva Edison@Bezradność i niezadowolenie to pierwsze warunki postępu.
Thomas Alva Edison@Gdybyśmy robili wszystkie rzeczy, które jesteśmy w stanie zrobić, wprawilibyśmy się w ogromne zdumienie.
Thomas Alva Edison@Geniusz to wynik 1 procenta natchnienia i 99 procent wypocenia.
Thomas Alva Edison@Naszą największą słabością jest poddawanie się. Najpewniejszą drogą do sukcesu jest próbowanie po prostu, jeden, następny raz.
Thomas Alva Edison@Nie ma takiego fortelu, do którego nie odwołałby się człowiek, aby uniknąć pracy zwanej myśleniem.
Thomas Alva Edison@Nie poniosłem porażki. Po prostu odkryłem 10.000 błędnych rozwiązań.
Thomas Alva Edison@Nigdy się nie zniechęcam, ponieważ każde odrzucenie niewłaściwej próby stanowi kolejny krok naprzód.
Thomas Alva Edison@Pierwszy etap to intuicja – przychodzi ona nagle, trudności pojawiają się później. To się nie udaje, potem tamto – „pluskwy” – jak nazywamy takie drobne błędy i trudności – wychodzą na jaw i trzeba miesięcy usilnych obserwacji, studiów i pracy, zanim uzyska się pewność, że osiągnęło się komercyjny sukces lub poniosło porażkę… Mam właściwą zasadę postępowania i podążam we właściwym kierunku, lecz niezbędny jest także czas, ciężka praca i trochę szczęścia.
Thomas Alva Edison@Wielu życiowych rozbitków to ludzie, którzy nie zdawali sobie sprawy, jak bliscy są sukcesu, kiedy się poddali.
Thomas Alva Edison@Mam tyle do zrobienia, a życie jest za krótkie, że muszę się śpieszyć.
Seneka Młodszy@Aby poznać siebie, trzeba się wystawiać na próbę. Tylko tak może się przekonać każdy, na co go stać.
Seneka Młodszy@Biednym jest nie ten, kto ma mało, ale ten, kto tęskni za tym, by mieć więcej.
Seneka Młodszy@Codziennie umieramy, codziennie bowiem uszczupla się jakaś część życia.
Seneka Młodszy@Cudze błędy mamy na oku, nasze poza nami.
Seneka Młodszy@Człowiek nieszczęśliwy to rzecz święta.
Seneka Młodszy@Przez ciernie do gwiazd.
Seneka Młodszy@Drzewo nie smagane wichrem, rzadko kiedy wyrasta silne i zdrowe.
Seneka Młodszy@Temu kto nie wie do jakiego portu zmierza, nie sprzyja żaden wiatr.
Seneka Młodszy@Klęska jest okazją do cnoty.
Seneka Młodszy@Kto nie może mieć nadziei na nic, niech na nic nie traci nadziei.
Seneka Młodszy@Kto sieje żal, będzie zbierał gniew.
Seneka Młodszy@Los tylko dla tego jest ciężki, na kogo spada niespodziewanie, a ten łatwo stawi mu czoło, kto zawsze jest przygotowany na każdą przeciwność.
Seneka Młodszy@Mądrego człowieka ani pomyślność nie wbija w dumę, ani niepowodzenie nie zniechęca do życia.
Seneka Młodszy@Najlepiej przecierpieć, czego odmienić nie można.
Seneka Młodszy@Najlżejszego ciosu nie zniesie szczęście nigdy nie zamącone. Ale kto się bezustannie boryka z przeciwnościami, temu ciosy nadały hart stali, ten się nie cofnie przed żadnym niebezpieczeństwem, ten nawet powalony, na kolanach wojuje.
Seneka Młodszy@Największą władzą jest władza nad samym sobą.
Seneka Młodszy@Pojedyncze dni uważaj za osobne żywoty.
Seneka Młodszy@Pozory mylą.
Seneka Młodszy@Pośród wielu nieszczęść uczymy się sztuki milczenia.
Seneka Młodszy@Szczęśliwy nie jest ten, kto wydaje się innym, lecz ten, kto sam się za takiego uważa.
Seneka Młodszy@To, co zdobyliśmy z największym trudem, najbardziej kochamy.
Seneka Młodszy@Uczymy się nie dla szkoły, lecz dla życia.
Seneka Młodszy@Wędrowiec idący drogą dochodzi do jakiegoś końca: tylko błądzenie nie ma kresu.
Seneka Młodszy@Wszystkich zrównuje proch; rodzimy się nierówni, równi umieramy.
Seneka Młodszy@Z bliska zazwyczaj lęk jest mniejszy.
Seneka Młodszy@Zmienne są koleje spraw.
Seneka Młodszy@Życie bez celu jest błądzeniem.
Seneka Młodszy@Żyć (…) to znaczy walczyć.
Seneka Starszy@Błądzić jest rzeczą ludzką.
Seneka Starszy@Dwie rzeczy dają duszy największą siłę: wierność prawdzie i wiara w siebie.
Epiktet z Hierapolis@Cierp i panuj nad sobą.
Epiktet z Hierapolis@Gdzie jest postęp? Jeśli ktokolwiek z was, wyrzekając się zewnętrzności, zwróci się ku swej woli, by ją ćwiczyć i doskonalić przez pracę oraz by uczynić ją zgodną z naturą, wzniosłą, wolną, niepodległą, niepohamowaną, wierną i skromną; jeśli nauczy się, że ten, kto pragnie lub unika rzeczy nieosiągalnych, nie jest ani wierny, ani wolny, lecz z konieczności musi poddać się ich żywiołowi i (...) ulec innym, którzy mają moc dostarczenia tego, czego pragnie lub zapobieżenia temu, czego chce uniknąć; (...) kiedy wstanie rano i jeśli przestrzega powyższych reguł, utrzymuje czystość i jada skromnie; podobnie, jeśli w każdej sprawie, która się pojawia, wypracowuje swoje główne zasady, jak biegacz, co skupia się na biegu – to jest to mężczyzna, który prawdziwie się rozwija i który nie poszukuje na darmo. Jeśli jednak skupi się na czytaniu książek, tylko w tym pracuje i podróżuje tylko po to, powiem mu, by wracał bezzwłocznie do domu i nie zaniedbywał swych obowiązków, gdyż to, czego szuka, jest niczym, a czymś jest coś zupełnie innego – badać, jak można uwolnić się od narzekań i jęków.
Epiktet z Hierapolis@Jest tylko jedna droga do szczęścia – przestać się martwić rzeczami, na które nie masz wpływu.
Epiktet z Hierapolis@Jeśli nie chcesz, aby twe namiętności cię chłostały, chłoszcz je ty.
Epiktet z Hierapolis@Jeśli chcesz być lepszy, ciesz się gdy myślą, że jesteś głupi.
Epiktet z Hierapolis@Jeśli podejmiesz się roli ponad siły, nie tylko źle ją odegrasz, ale również zaniechasz innej, którą mógłbyś dobrze odegrać.
Epiktet z Hierapolis@Lekarstwem na przyzwyczajenie jest inne przyzwyczajenie.
Epiktet z Hierapolis@Ludzi wyprowadzają z równowagi nie same fakty, lecz sposób, w jaki ludzie je widzą.
Epiktet z Hierapolis@Łzy są pociechą nieszczęśliwych.
Epiktet z Hierapolis@Najpierw naucz się znaczenia tego, co chcesz powiedzieć, a dopiero potem mów.
Epiktet z Hierapolis@Nic tak nie zadziwia ludzi, jak zdrowy rozsądek i proste działanie.
Epiktet z Hierapolis@Nie powinniśmy dawać wiary zdaniu, głoszonemu przez wielu, że tylko wolni ludzie powinni być wykształceni, ale musimy raczej uwierzyć filozofowi, który twierdzi, że tylko ludzie wykształceni są wolni.
Epiktet z Hierapolis@Niepokoi nas nie to, co nam się przydarza, lecz nasze myśli o tym, co się przydarza.
Epiktet z Hierapolis@Powinniśmy mieć zasady gotowe do zastosowania w każdej okoliczności.
Epiktet z Hierapolis@Prawdziwym panem i królem jest jedynie mędrzec, który uwolnił się od namiętności i niczego nie potrzebuje.
Epiktet z Hierapolis@Raz zobaczyć jakąś rzecz znaczy więcej, niż sto razy o niej słyszeć.
Epiktet z Hierapolis@Zło to nie zdarzenie, które cię spotyka, lecz to, co robisz z tym zdarzeniem.
Beocjusz@W nieszczęściu największym nieszczęściem jest to, że kiedyś było się szczęśliwym.
Lukrecjusz@Co minęło, nie wróci; daremne błagania!
Lukrecjusz@Nauka uwolniła człowieka od lęku przed bogami.
Julian II Apostata@Jedni kochają konie, inni ptaki, jeszcze inni zwierzęta różne. Ja natomiast od dziecka namiętnie pragnąłem posiadać książki.
Platon@A niewiedza i nierozum, czy to nie jest też niedostatek w stanie duszy?
Platon@I mówi to każdy, kto się kimś opiekuje, że trzeba być sprawiedliwym, ale samej sprawiedliwości nikt nie chwali.
Platon@Szczyt niesprawiedliwości to: uchodzić za sprawiedliwego nie będąc nim.
Platon@Wszystko, co piękne, jest naprawdę trudne.
Platon@Bezmyślność to choroba duszy. Występuje w dwóch postaciach: manii i niewiedzy.
Platon@Człowiek zupełnie nie tknięty szałem nie wejdzie do świątyni muz.
Platon@Doświadczenie pozwala nam kierować własnym życiem wedle zasad sztuki, brak doświadczenia rzuca nas na igraszkę losu.
Platon@Każdy prowadzi jakąś kalkulację, którą nazywamy nadzieją. Nadzieją w lepsze życie.
Platon@Korzystaj z każdej chwili dnia, abyś go nie zmarnował.
Platon@Lepiej chyba pójść choćby kawałek dobrą drogą, niż zajść daleko, lecz źle.
Platon@Młodzieniec staje się mężczyzną, kiedy obchodzi kałużę zamiast w nią wejść.
Platon@Miarą mowy nie jest ten, który mówi, lecz ten, który słucha.
Platon@Najważniejszy w każdym działaniu jest początek.
Platon@Nie próbuj pomnożyć mienia, próbuj raczej umniejszyć swe żądze.
Platon@Obserwuj, słuchaj, rzadko osądzaj i nie chciej za dużo.
Platon@Odwaga jest to wiedza o tym, czego się bać, a czego nie.
Platon@Rzeczy się stają, idee istnieją.
Platon@Strach jest oczekiwaniem zła.
Platon@Wiedza jest drugim słońcem dla ludzi.
Platon@Zrozum, ganienie rzeczy niedających się naprawić i w których zabrnęło się daleko w błędy, nie jest przyjemne, jakkolwiek niekiedy konieczne.
Platon@Życie niekontrolowane jest bezwartościowe.
Arystoteles@(…) celem wiedzy teoretycznej jest prawda, a wiedzy praktycznej działanie.
Arystoteles@(…) ten jest mądrzejszy we wszystkich dziedzinach wiedzy, kto jest skrupulatniejszy [w badaniu] i zdolniejszy do nauczania o przyczynach.
Arystoteles@Dzięki wstrzymywaniu się od rozkoszy zmysłowych, stajemy się umiarkowani, a będąc nimi, możemy się od rozkoszy tych wstrzymywać.
Arystoteles@Im krwawsza bitwa, tym słodsze zwycięstwo.
Arystoteles@Jaka z nauk jest najkonieczniejsza? Oduczyć się rzeczy złych.
Arystoteles@Jasność – podstawowa wartość rzeczy.
Arystoteles@Jesteśmy tym, co w swoim życiu powtarzamy. Doskonałość nie jest jednorazowym aktem, lecz nawykiem.
Arystoteles@Matematyka jest miarą wszystkiego.
Arystoteles@Mniejsze rzeczy trzeba poświęcać dla większych.
Arystoteles@Nie ma geniuszu bez ziarna szaleństwa.
Arystoteles@To, co wciąż robimy, stanowi o nas.
Arystoteles@W miarę możności należy unikać błędów.
Arystoteles@Zdolność doznawania przyjemności jest dowodem siły.
Sokrates@Błąd jest przywilejem filozofów, tylko głupcy nie mylą się nigdy.
Sokrates@Dla cierpiących najmniejsza radość jest szczęściem.
Sokrates@Najmądrzejszy jest, który wie, czego nie wie.
Sokrates@Nie może człowiek poddawać się i ulegać pragnieniom i pożądaniom ciała, ale zawsze należy postępować zgodnie z rozumem, który jest najlepszym doradcą.
Sokrates@Niezbadane życie nie jest warte życia.
Sokrates@Nikogo i niczego nie umiem słuchać jak tylko argumentu, który mi się po rozwadze wyda najstosowniejszy.
Sokrates@Poznaj samego siebie.
Sokrates@Takie czasy nastały, że jak chcesz z kim mądrym pogadać, musisz rozmawiać sam ze sobą.
Sokrates@Wiem, że nic nie wiem.
Sokrates@Życie bezmyślne nie jest warte życia.
Epikur@Bezmyślnych wyzwala ze smutku czas, mądrych logika.
Epikur@Człowiek osiąga szczęście, jeśli potrafi z radością - przyjemnością przeżyć każdy dzień.
Epikur@Cała nasza działalność zdąża do tego, aby uwolnić się od cierpienia i niepokoju.
Epikur@Jeżeli będziesz żył wedle swojej natury, nigdy nie będziesz biedny: jeżeli wedle ludzkich mniemań – nigdy nie będziesz bogaty.
Epikur@Lepiej być nieszczęśliwym z rozumem niż szczęśliwym bez rozumu.
Epikur@Nie tak bardzo potrzebna jest pomoc przyjaciół, ile wiara w ich pomoc.
Epikur@Przynieś mi szklankę mleka – będę ucztował.
Epikur@Śmierć wcale nas nie dotyczy. Bo gdy my istniejemy, śmierć jest nieobecna, a gdy tylko śmierć się pojawi, wtedy nas już nie ma.
Epikur@Wszelka przyjemność jest dobra, ale nie każda jest godna wyboru.
Epikur@Życie jest dobrem, i to jedynym, jakie naprawdę na własność jest nam dane.
Zenon z Kition@Celem człowieka jest rozważny wybór rzeczy, które są zgodne z naturą.
Zenon z Kition@Chętnego Losy prowadzą, niechętnego wloką.
Zenon z Kition@Mędrzec nie będzie twierdzić tego, co mu się tylko wydaje, i dzięki temu nigdy nie przytaknie fałszowi.
Zenon z Kition@Natura dała nam jeden język, a dwoje uszu po to, ażebyśmy słuchali dwa razy więcej, niż mówimy
Pitagoras@Ideałem możemy się tylko stawać, by mimo to nigdy się nim nie stać.
Pitagoras@Jedzenie bobu jest zbrodnią, którą da się porównać ze zjadaniem głów własnych rodziców.
Pitagoras@Kto zatraca się w cierpieniu nie może być człowiekiem wolnym.
Pitagoras@Milcz, albo powiedz coś takiego, co jest lepszym od milczenia.
Pitagoras@Najkrótsze wyrazy „tak” i „nie” wymagają najdłuższego zastanowienia.
Pitagoras@Nic w nadmiarze.
Pitagoras@Nie dziwić się niczemu.
Pitagoras@Trudno jest iść przez życie wieloma drogami jednocześnie.
Pitagoras@Wychwalanie siebie pozostaw innym.
Diogenes z Synopy@Bieda jest nauczycielką i podporą filozofii, bo do czego filozofia nakłania słowami, do tego bieda zmusza w praktyce.
Diogenes z Synopy@Jestem obywatelem świata.
Diogenes z Synopy@Tłum był wielki, ale ludzi niewielu.
Archimedes z Syrakuz@Dajcie mi punkt oparcia, a poruszę Ziemię.
Ksenofont z Aten@Na bogów, nie czekajmy na innych, aż przyjdą zachęcić nas do najpiękniejszych czynów. Sami dajmy początek i innych nakłońmy do męstwa! Okażcie się najlepszymi z lochagów i udowodnijcie, że bardziej zasługujecie na stanowiska strategów niż sami strategowie.
Sofokles@Bo ten, kto sądzi, iż sam posiadł mądrość, język i rozum, innym niedosięgłe bliżej poznany – okaże się pusty.
Sofokles@Bez bólu i cierpienia nie istniejemy.
Sofokles@Cel zamierzony, a cel osiągnięty nigdy nie jest tym samym.
Sofokles@Dobry los nie jest sprzymierzeńcem leniwych.
Sofokles@Kto się spieszy, potyka się.
Sofokles@Ludzie nie umierają, tylko popełniają powolne samobójstwo.
Sofokles@Mało słów, dużo treści
Sofokles@Nieszczęściem dowiódł, że wśród ludzi tłumu największe klęski płyną z nierozumu.
Sofokles@Pierwszym warunkiem szczęścia jest rozsądek.
Sofokles@Poznaj samego siebie.
Tales z Miletu@Cnota zbawia tego, który jej nie unika.
Tales z Miletu@Gadulstwo nigdy nie zwiastuje rozumnej myśli.
Tales z Miletu@Kropla drąży skałę.
Tales z Miletu@Ludzi jest wielu, mędrców mało.
Tales z Miletu@Najtrudniej poznać samego siebie.
Tales z Miletu@Nieszczęśliwy człowiek ratuje się nadzieją.
Tales z Miletu@Nieszczęśliwy ten, kto poniechał nadziei.
Tales z Miletu@Wszystko można osiągnąć wytrwałością duszy.
Tales z Miletu@Żadne drzewo nie rośnie bez korzeni, podobnie i ludzie więdną bez rozsądku.
Tales z Miletu@Życie jest jak woda, która wysycha na słońcu – płynie szybko, a słońcem jest rozkosz, która życie wysusza.
Demokryt z Abdery@Chęć nadmiernych zysków powoduję utratę tego, co posiadamy.
Demokryt z Abdery@Jest wielką zaletą myśleć w nieszczęściu o powinności.
Demokryt z Abdery@Jeżeli ci trudno zrozumieć pochwały, to uważaj je za pochlebstwa.
Demokryt z Abdery@Książki są lekarstwem dla umysłu.
Demokryt z Abdery@Lepiej kontrolować błędy swoje niż cudze.
Demokryt z Abdery@Mądry jest nie ten, który martwi się z powodu niedostatku, lecz ten, który cieszy się z tego, co ma.
Demokryt z Abdery@Nadaremnie traci czas, kto chce pouczyć człowieka rojącego sobie, że już jest mądry.
Demokryt z Abdery@Nie istnieje nic poza atomami i pustą przestrzenią, wszystko inne jest opinią.
Demokryt z Abdery@Nie staraj się zrozumieć wszystkiego, bo wszystko stanie się niezrozumiałe.
Demokryt z Abdery@Nie z obawy przed karą, lecz z poczucia obowiązku, należy wystrzegać się złych uczynków.
Demokryt z Abdery@Odważny jest nie tylko ten, kto zwycięża swych wrogów, ale i ten, kto przezwycięża swe namiętności.
Demokryt z Abdery@Piękne rzeczy wypracować można dzięki długiej i uciążliwej nauce, złe natomiast owocują same bez trudu.
Demokryt z Abdery@Słowo jest cieniem uczynku.
Demokryt z Abdery@Trud podejmowany dobrowolnie, lżejszymi czyni trudy konieczne.
Demokryt z Abdery@Zazdrosny sobie samemu szkodzi.
Demokryt z Abdery@Żyjemy nie tak, jak chcemy, lecz tak, jak potrafimy.
Heraklit z Efezu@Gdyby życie polegało na przyjemnościach cielesnych, wówczas moglibyśmy nazwać woły szczęśliwymi, gdy znajdą groch do zjedzenia.
Heraklit z Efezu@Gdybym nie miał nadziei, nie osiągnąłbym tego, co wydaje się nieosiągalne.
Heraklit z Efezu@Jesteśmy i nie jesteśmy zarazem – życie jest ciągłą zmianą, jest ciągłym rodzeniem się i śmiercią.
Heraklit z Efezu@Każdy człowiek ma zdolność poznawania samego siebie i rozumnego myślenia.
Heraklit z Efezu@Kto nie dąży do rzeczy niemożliwych, nigdy ich nie osiągnie.
Heraklit z Efezu@Nie wystarczy dużo wiedzieć, żeby być mądrym.
Heraklit z Efezu@Do tej samej rzeki nie można wejść dwukrotnie.
Protagoras z Abdery@Człowiek jest miarą wszystkiego: tego, co jest, że jest, i tego co nie jest, że nie jest.
Protagoras z Abdery@Sprawa jest trudna, a życie ludzkie krótkie.
Parmenides z Elei@Byt jest, a niebytu nie ma.
Parmenides z Elei@Ciało musi być godne głowy.
Parmenides z Elei@Jest to, co jest, a nie ma tego, czego nie ma.
Parmenides z Elei@Kto nie ma o czym mówić – rozprawia o niczym.
Parmenides z Elei@Milczenie to najtrudniejsza i najdoskonalsza zarazem sztuka.
Parmenides z Elei@Szlachetny człowiek wymaga od siebie, prostak – od innych.
Parmenides z Elei@Trud człowieka uczciwego zawsze zaowocuje.
Anaksymander z Miletu@Wszystko jest jednym.
Albert Einstein@Aby ukarać mnie za moją pogardę dla autorytetów, Los sprawił, że sam stałem się autorytetem.
Albert Einstein@Bo ja wolno myślę.
Albert Einstein@Cóż za smutna epoka, w której łatwiej jest rozbić atom niż zniszczyć przesąd.
Albert Einstein@Człowiek szczęśliwy jest zbyt zadowolony z teraźniejszości, by oddawać się zanadto rozmyślaniom o przyszłości.
Albert Einstein@Człowiek zajmujący się nauką nigdy nie zrozumie, dlaczego miałby wierzyć w pewne opinie tylko dlatego, że znajdują się one w jakiejś książce. (…) Nigdy również nie uzna swych własnych wyników za prawdę ostateczną.
Albert Einstein@Dzieci zaczynają w końcu myśleć, że Bóg jest kręgowcem w gazowym stanie skupienia.
Albert Einstein@Grawitacja nie może być odpowiedzialna za to, że ludzie się zakochują.
Albert Einstein@Jeśli „a” oznacza szczęście, to a=x+y+z; x – to praca, y – rozrywki, z – umiejętność trzymania języka za zębami.
Albert Einstein@Jeśli coś można w ogóle zrozumieć, można to też zrozumiale wyłożyć.
Albert Einstein@Jeżeli zabałaganione biurko jest znakiem zabałaganionego umysłu, znakiem czego jest puste biurko?
Albert Einstein@Każda praca jest dobra, o ile jest dobrze wykonywana.
Albert Einstein@Każdy głupi może wiedzieć. Sedno to zrozumieć.
Albert Einstein@Najbardziej niepojętą rzeczą dotyczącą świata jest to, że jest on pojmowalny.
Albert Einstein@Nie dokonuje odkrycia, kto nie bada niemożliwości.
Albert Einstein@Nie jestem bardzo bystry, po prostu długo siedzę nad problemem.
Albert Einstein@Nie ma rzeczywistości samej w sobie, są tylko obrazy widziane z różnych perspektyw.
Albert Einstein@Nie mam żadnych szczególnych uzdolnień. Cechuje mnie tylko niepohamowana ciekawość.
Albert Einstein@Nie przejmuj się, jeżeli masz problemy z matematyką. Zapewniam cię, że ja mam jeszcze większe.
Albert Einstein@Nie staraj się zostać człowiekiem sukcesu, lecz człowiekiem wartościowym.
Albert Einstein@Nie wiem, jaka broń będzie użyta w trzeciej wojnie światowej, ale czwarta będzie na maczugi.
Albert Einstein@Rzeczą, którą najtrudniej w świecie zrozumieć, jest podatek dochodowy.
Albert Einstein@Tylko dwie rzeczy są nieskończone: wszechświat i ludzka głupota. Co do tej pierwszej są jednak pewne wątpliwości.
Albert Einstein@Ważne jest by nigdy nie przestać pytać. Ciekawość nie istnieje bez przyczyny. Wystarczy więc, jeśli spróbujemy zrozumieć choć trochę tej tajemnicy każdego dnia. Nigdy nie trać świętej ciekawości. Kto nie potrafi pytać nie potrafi żyć.
Albert Einstein@Zawsze dręczyło mnie pytanie, czy to ja jestem szalony, czy wszyscy inni.
Albert Einstein@Zdrowy rozsądek to zbiór uprzedzeń nabytych do osiemnastego roku życia.
Albert Einstein@Znane są tysiące sposobów zabijania czasu, ale nikt nie wie, jak go wskrzesić.
Antystenes z Aten@Oduczyć się złego.
Chilon ze Sparty@Jeśli pomyślisz o nieszczęściach wszystkich ludzi, mniej się będziesz oburzał na własne.
Chilon ze Sparty@Nie pożądaj rzeczy niemożliwych.
Chilon ze Sparty@Poznaj samego siebie.
Gorgiasz z Leontinoi@Nic nie istnieje, a nawet gdyby istniało, to nikt nie mógłby o tym wiedzieć, a jeśliby kto o tym wiedział, to nie mógłby tego nikomu zakomunikować.
Hegezjasz@Człowiek mądry ma przewagę nad innymi nie tyle w wybieraniu rzeczy dobrych, ile w unikaniu rzeczy złych.
Epicharm@Jaka jest natura człowieka? Opróżnianie pęcherza!
Teofrast z Eresos@Człowieka należy oceniać nie po słowach, lecz po czynach.
Bion z Borystenes@Największej trwogi doznaje ten, kto usilnie pragnie być szczęśliwy.
Pittakos@Trudno być ciągle dobrym człowiekiem.
Pittakos@Znaj sposobną chwilę.
Nikos Kazandzakis@Życie jest ciężkie, nawet dla tych, którzy mieli szczęście.
Immanuel Kant@Doświadczenie jest produktem rozumu.
Immanuel Kant@Miejcie odwagę posługiwać się rozumem.
Immanuel Kant@Postępuj wedle takiej tylko zasady, co do której mógłbyś jednocześnie chcieć, aby stała się prawem powszechnym.
Immanuel Kant@Sumienie to świadomość, że istnieje w człowieku trybunał wewnętrzny.
Immanuel Kant@Zaletą literatury jest to, że pozwala ludziom postawić się na miejscu innych.
Jostein Gaarder@Dla mnie istnieje tylko jeden mężczyzna i jedna ziemia. Przeżywam to tak głęboko dlatego, że mam tylko jedno życie.
Jostein Gaarder@Gwiazda to tylko mała iskierka wielkiego ogniska w niebie.
Jostein Gaarder@Chociaż pytania filozoficzne dotyczą wszystkich ludzi, nie wszyscy zostaną filozofami.
Jostein Gaarder@Gdyby ludzki mózg był tak prosty, że moglibyśmy go zrozumieć, bylibyśmy wtedy tak głupi, że nie zrozumielibyśmy go i tak.
Jostein Gaarder@„Wszystko płynie” – twierdził Heraklit. Wszystko jest w ruchu, nic nie trwa wiecznie. Dlatego nie możemy „dwa razy wejść do tej samej rzeki”. Kiedy bowiem wchodzę do rzeki po raz drugi, i ja jestem już inny, i rzeka jest inna.
Zhuangzi@Kto zna swoją głupotę, nie jest wielkim głupcem.
Zhuangzi@Prostak naraża swe życie dla zysku, rycerz – dla sławy, dostojnik – dla dobra swojego narodu, mędrzec naraża się dla zbawienia świata.
Zhuangzi@Serce ludzkie można podniecić lub przytłumić, zrobić zeń mordercę lub niewolnika. Uległością ułagodzisz najtwardsze i najsroższe, ale spróbuj ścinać jego kanty i szlifować jak klejnot, a rozgrzeje się jak płomień albo zamarznie jak lód.
Zhuangzi@Śniłem kiedyś, że jestem motylem, i teraz nie wiem już, czy jestem Czuang-tsy, który śnił, że jest motylem, czy też jestem motylem, który śni, że jest Czuang-tsy.
Sun Zi@Aby uniknąć tego, co silne, trzeba uderzać w to, co słabe.
Sun Zi@Bądź nadzwyczaj drobiazgowy, aż do sztywnej formalności. Bądź niezwykle tajemniczy, aż staniesz się niezgłębiony. W taki sposób możesz stać się panem losu swego przeciwnika.
Sun Zi@Człowiek bez strategii, który lekceważy sobie przeciwnika, nieuchronnie skończy jako jeniec.
Sun Zi@Na wojnie chodzi o zwycięstwo, nie o upór.
Sun Zi@Twoim celem musi być zdobycie wszystkiego bez zniszczenia czegokolwiek.
Sun Zi@W czasach niedostatku broń się, atakuj w czasach obfitości.
Sun Zi@Zwyciężają ci, którzy wiedzą, kiedy walczyć, a kiedy nie.
Sun Zi@Zwyciężają ci, którzy z wyprzedzeniem przeprowadzają w swojej kwaterze kalkulacje, uwzględniając jak największą liczbę czynników. Pobieżne kalkulacje oznaczają porażkę. A co dopiero ich brak!
Laozi@Czyniąc rzeczy wielkie, zaczynaj od rzeczy drobnych.
Laozi@Ten, kto zna (innych) ludzi, posiada (tylko) wiedzę.\nTen, kto zna siebie samego, jest (człowiekiem) oświeconym.
Laozi@Wiedzieć, że się (nic) nie wie, to szczyt (wiedzy).
Laozi@Nie ma większego niebezpieczeństwa nad lekceważenie wroga.
Laozi@Odpowiedzialni jesteśmy nie tylko za to, co robimy, lecz i za to, czego nie robimy.
Konfucjusz@Bezużyteczną rzeczą jest uczyć się, lecz nie myśleć, a niebezpieczną myśleć, lecz nie uczyć się niczego.
Konfucjusz@Brakiem odwagi jest wiedzieć, co prawe, lecz tego nie czynić.
Konfucjusz@Cieśla, który chce dobrze robotę wykonać, musi wpierw naostrzyć swe narzędzia.
Konfucjusz@Człowiek potyka się o kretowiska, nie o góry.
Konfucjusz@Dawniej ludzie uczyli się dla samych siebie, dziś robią to na pokaz.
Konfucjusz@Gdy widzisz mędrca, myśl o tym, by mu dorównać. Gdy widzisz tego, komu brak rozsądku, zastanów się nad sobą samym.
Konfucjusz@Jeśli coś wiesz, przyznaj, że wiesz. Gdy zaś czegoś nie wiesz, przyznaj, że nie wiesz. Oto prawdziwa wiedza.
Konfucjusz@Kiedy staje się oczywiste, że cele nie mogą zostać osiągnięte, nie dostosowuj celów, dostosuj działania.
Konfucjusz@Komu sił nie starcza, ten ginie w połowie drogi.
Konfucjusz@Kto nie potrafi spoglądać daleko, ten ma kłopoty blisko.
Konfucjusz@Kto dysponuje rozległą znajomością literatury i kieruje się regułami moralności, ten z powodzeniem może dojść do uniknięcia błędnych kroków.
Konfucjusz@Kto wie, że popełnił błąd i nie próbuje go naprawić, popełnia drugi błąd.
Konfucjusz@Kto z różnych końców rzecz rozpoczyna, ten wszystko popsuć może.
Konfucjusz@Kto zdobytą wiedzę pielęgnuje, a nową bez ustanku zdobywa, ten może być nauczycielem innych.
Konfucjusz@Lepiej nie zaczynać, niż zacząwszy nie dokończyć.
Konfucjusz@Lepiej zapalić świeczkę, niż przeklinać ciemność.
Konfucjusz@Milczenie – przyjaciel, który nigdy nie zdradza.
Konfucjusz@Nie cel jest ważny, ale droga do celu.
Konfucjusz@Nie rozpaczaj, że ludzie cię nie rozumieją. Martw się tym, że to ty nie rozumiesz ludzi.
Konfucjusz@Nie strzelaj do muchy z katapulty.
Konfucjusz@Podróż tysiąca mil zaczyna się od jednego kroku.
Konfucjusz@Powiedz mi, a zapomnę.\nPokaż – zapamiętam.\nPozwól wziąć udział, a… wzbudzisz we mnie pragnienie.
Konfucjusz@Prawdziwa wiedza to świadomość rozmiarów własnej ignorancji.
Konfucjusz@Prawdziwym błędem jest błąd popełnić i nie naprawić go.
Konfucjusz@Służąc władcy myśl wpierw o swych obowiązkach, a potem o wynagrodzeniu.
Konfucjusz@Szlachetny człowiek wymaga od siebie, prostak od innych.
Konfucjusz@Szlachetny wielkie sobie stawia cele, prostak ku małym zdąża.
Konfucjusz@Tylko bardzo mądrzy i zdecydowani głupcy niczego w swym postępowaniu nie zmieniają.
Konfucjusz@Ucz się tak, jakbyś niczego jeszcze nie osiągnął, i lękaj się, byś nie stracił tego, co już osiągnąłeś.
Konfucjusz@Uczyć się i nie myśleć to strata czasu, myśleć i nie uczyć się to niebezpieczeństwo.
Konfucjusz@W służbie władcy należy swoje dzieło traktować jako ważne, a swoje przychody jako drugorzędne.
Konfucjusz@Wiedzieć, że się wie, co się wie i wiedzieć, że się nie wie, czego się nie wie – oto prawdziwa wiedza.
Konfucjusz@Wybierz sobie zawód, który lubisz, a nigdy nie będziesz zmęczony.
Konfucjusz@Zaniedbasz to stracisz.
Zhang Zai@Niebo jest ojcem mym, a Ziemia matką, i nawet tak nędzne stworzenie jak ja znajduje sobie pomiędzy nimi przytulne miejsce.
Wang Chong@Co ma początek, musi mieć i koniec, a co ma koniec, musiało mieć początek.
Wang Chong@Gdy wieje wiatr, ruszają się konary drzew, ale to nie konary tworzą wiatr.
Wang Chong@Jak blask słońca oświetla wnętrze komnaty, tak nauka rozświetla umysł.
Mencjusz@Na nic się nie zda mądrość i przenikliwość, jeśli okazji nie potrafisz wykorzystać.
Mencjusz@Nie płaci się za zamiary, lecz za pracę, którą wykonano.
Liezi@Kto innych pokona, ten siłę posiadł, kto zaś sam się pokonać zdoła, ten jest naprawdę potężny.
Liezi@Mądry nie ryzykuje życia, by zdobyć środki dla utrzymania się przy życiu.
Liezi@Niepokój wiedzie ku sławie, zadowolenie ku klęsce.
Liezi@Radość podróżowania wynika stąd, że to, co nas interesuje, ciągle się zmienia.
Liezi@Śniło mi się, że byłem motylem, i nie wiem, czy jestem człowiekiem, któremu śniło się, że jest motylem, czy też jestem motylem, któremu się śni, że jest człowiekiem.
Liu Jiuyuan@Wszechświat jest moim umysłem, a umysł – wszechświatem.
Mo Di@Bezcelowe są zabiegi o dobre plony, gdy ziarno źle posiano.
Shang Yang@Kto na sobie samym polega, cesarstwo zdobędzie.
Shang Yang@Kto w działaniu się waha, ten niczego nie dokona.
Shang Yang@Kto wielkiego dokonuje dzieła, ten nie zasięga rady u ludu.
Shang Yang@Kto zajęty jest troską o najwyższe cele, ten nie musi pozostawać w zgodzie z utartymi opiniami.
Noan Chomsky@Bezbarwne zielone idee wściekle śpią.
Daniel Dennett@Myślenie jest trudne. Myślenie o niektórych problemach jest tak trudne, że może rozboleć cię głowa od samego myślenia o myśleniu o nich.
Daniel Dennett@Jest taki stary dowcip o behawiorystach: behawioryści są przekonani, że nie istnieją przekonania, myślą, że nikt nie myśli, i według ich opinii nikt nie ma opinii.
Daniel Dennett@Umieć, a nie rozumieć to sposób życia większości żywych istot na tej planecie. Powinno się go uznawać za domyślny, dopóki nie będziemy w stanie wykazać, że pewne pojedyncze organizmy naprawdę – w tym czy innym sensie – rozumieją to, co robią.
Ralph Waldo Emerson@Nigdy nie osiągnięto niczego wielkiego bez entuzjazmu.
Ralph Waldo Emerson@Wszyscy wielcy mówcy byli najpierw złymi mówcami.
Ralph Waldo Emerson@Człowiek wówczas jest spokojny i wesoły, gdy w swoją pracę wkłada serce i stara się ze wszystkich sił.
Ralph Waldo Emerson@Wierzyć swej własnej myśli; wierzyć, że to, co w głębi Twego serca prawdziwe jest dla ciebie, jest prawdziwe dla wszystkich ludzi - to jest geniusz.
Benjamin Franklin@Bramy mądrości nigdy nie bywają zamknięte.
Benjamin Franklin@Cygaro to śmierdzące ziele z ogniem na jednym, a z głupcem na drugim końcu.
Benjamin Franklin@Czas to pieniądz.
Benjamin Franklin@Głód nie nawiedza nigdy domu pracowitego człowieka, zagląda doń tylko przez okno.
Benjamin Franklin@Kochasz życie? Nie trwoń zatem swego czasu, ponieważ ono jest z niego utkane.
Benjamin Franklin@Lenistwo wszystko utrudnia, pilność ułatwia.
Benjamin Franklin@Ludzkość jest podzielona na 3 kategorie – na nieruchomych, ruchomych i tych, którzy się ruszają.
Benjamin Franklin@Mówisz mi, a ja zapominam; uczysz a zapamiętuję; angażujesz mnie, a ja się uczę.
Benjamin Franklin@Na tym świecie pewne są tylko śmierć i podatki.
Benjamin Franklin@Silny jest ten, kto potrafi przezwyciężyć swe szkodliwe przyzwyczajenia.
Benjamin Franklin@Szkoła doświadczenia kosztuje, ale żadna inna nie potrafi lepiej wykształcić człowieka.
Benjamin Franklin@Ucz swoje dzieci milczeć. Mówić nauczą się same.
Benjamin Franklin@Zdrowy rozsądek to rzecz, której każdy potrzebuje, mało kto posiada, a nikt nie wie, że mu brakuje.
